,repHO1,repHO2,repHO3,repHO4,repHO5
1,2007-05-07,2012-01-23,2010-07-26,2007-06-04,2006-10-02
2,2006-01-09,2006-03-27,2009-06-01,2008-01-28,2010-11-29
3,2006-01-09,2006-03-27,2009-06-01,2008-01-28,2010-11-29
4,2006-01-09,2006-03-27,2009-06-01,2008-01-28,2010-11-29
5,2006-01-09,2006-03-27,2009-06-01,2008-01-28,2010-11-29
6,2006-01-09,2006-03-27,2009-06-01,2008-01-28,2010-11-29
7,2006-01-09,2006-03-27,2009-06-01,2008-01-28,2010-11-29
8,2006-01-09,2006-03-27,2009-06-01,2008-01-28,2010-11-29
9,2006-01-09,2006-03-27,2009-06-01,2008-01-28,2010-11-29
10,2006-01-09,2006-03-27,2009-06-01,2008-01-28,2010-11-29
11,2006-01-09,2006-03-27,2009-06-01,2008-01-28,2010-11-29
12,2006-01-09,2006-03-27,2009-06-01,2008-01-28,2010-11-29
13,2006-01-09,2006-03-27,2009-06-01,2008-01-28,2010-11-29
14,2006-01-09,2006-03-27,2009-06-01,2008-01-28,2010-11-29
15,2006-01-09,2006-03-27,2009-06-01,2008-01-28,2010-11-29
16,2006-01-09,2006-03-27,2009-06-01,2008-01-28,2010-11-29
17,2006-01-09,2006-03-27,2009-06-01,2008-01-28,2010-11-29
18,2006-01-09,2006-03-27,2009-06-01,2008-01-28,2010-11-29
19,2006-01-09,2006-03-27,2009-06-01,2008-01-28,2010-11-29
20,2006-01-09,2006-03-27,2009-06-01,2008-01-28,2010-11-29
21,2006-01-09,2006-03-27,2009-06-01,2008-01-28,2010-11-29
22,2006-01-09,2006-03-27,2009-06-01,2008-01-28,2010-11-29
23,2006-01-09,2006-03-27,2009-06-01,2008-01-28,2010-11-29
24,2006-01-09,2006-03-27,2009-06-01,2008-01-28,2010-11-29
25,2006-01-09,2006-03-27,2009-06-01,2008-01-28,2010-11-29
26,2006-01-09,2006-03-27,2009-06-01,2008-01-28,2010-11-29
27,2006-01-09,2006-03-27,2009-06-01,2008-01-28,2010-11-29
28,2006-01-09,2006-03-27,2009-06-01,2008-01-28,2010-11-29
29,2006-01-09,2006-03-27,2009-06-01,2008-01-28,2010-11-29
30,2006-01-09,2006-03-27,2009-06-01,2008-01-28,2010-11-29
31,2006-01-09,2006-03-27,2009-06-01,2008-01-28,2010-11-29
32,2006-01-09,2006-03-27,2009-06-01,2008-01-28,2010-11-29
33,2006-01-09,2006-03-27,2009-06-01,2008-01-28,2010-11-29
34,2006-01-09,2006-03-27,2009-06-01,2008-01-28,2010-11-29
35,2006-01-09,2006-03-27,2009-06-01,2008-01-28,2010-11-29
36,2006-01-09,2006-03-27,2009-06-01,2008-01-28,2010-11-29
37,2006-01-09,2006-03-27,2009-06-01,2008-01-28,2010-11-29
38,2006-01-09,2006-03-27,2009-06-01,2008-01-28,2010-11-29
39,2006-01-09,2006-03-27,2009-06-01,2008-01-28,2010-11-29
40,2006-01-09,2006-03-27,2009-06-01,2008-01-28,2010-11-29
41,2006-01-09,2006-03-27,2009-06-01,2008-01-28,2010-11-29
42,2006-01-09,2006-03-27,2009-06-01,2008-01-28,2010-11-29
43,2006-01-09,2006-03-27,2009-06-01,2008-01-28,2010-11-29
44,2006-01-09,2006-03-27,2009-06-01,2008-01-28,2010-11-29
45,2006-01-09,2006-03-27,2009-06-01,2008-01-28,2010-11-29
46,2006-01-09,2006-03-27,2009-06-01,2008-01-28,2010-11-29
47,2006-01-09,2006-03-27,2009-06-01,2008-01-28,2010-11-29
48,2006-01-09,2006-03-27,2009-06-01,2008-01-28,2010-11-29
49,2006-01-09,2006-03-27,2009-06-01,2008-01-28,2010-11-29
50,2006-01-09,2006-03-27,2009-06-01,2008-01-28,2010-11-29
51,2007-05-07,2012-01-23,2010-07-26,2007-06-04,2006-10-02
52,2006-01-09,2006-03-27,2009-06-01,2008-01-28,2010-11-29
53,2006-01-09,2006-03-27,2009-06-01,2008-01-28,2010-11-29
54,2006-01-09,2006-03-27,2009-06-01,2008-01-28,2010-11-29
55,2006-01-09,2006-03-27,2009-06-01,2008-01-28,2010-11-29
56,2006-01-09,2006-03-27,2009-06-01,2008-01-28,2010-11-29
57,2006-01-09,2006-03-27,2009-06-01,2008-01-28,2010-11-29
58,2006-01-09,2006-03-27,2009-06-01,2008-01-28,2010-11-29
59,2006-01-09,2006-03-27,2009-06-01,2008-01-28,2010-11-29
60,2006-01-09,2006-03-27,2009-06-01,2008-01-28,2010-11-29
61,2006-01-09,2006-03-27,2009-06-01,2008-01-28,2010-11-29
62,2006-01-09,2006-03-27,2009-06-01,2008-01-28,2010-11-29
63,2006-01-09,2006-03-27,2009-06-01,2008-01-28,2010-11-29
64,2006-01-09,2006-03-27,2009-06-01,2008-01-28,2010-11-29
65,2006-01-09,2006-03-27,2009-06-01,2008-01-28,2010-11-29
66,2006-01-09,2006-03-27,2009-06-01,2008-01-28,2010-11-29
67,2006-01-09,2006-03-27,2009-06-01,2008-01-28,2010-11-29
68,2006-01-09,2006-03-27,2009-06-01,2008-01-28,2010-11-29
69,2006-01-09,2006-03-27,2009-06-01,2008-01-28,2010-11-29
70,2006-01-09,2006-03-27,2009-06-01,2008-01-28,2010-11-29
71,2006-01-09,2006-03-27,2009-06-01,2008-01-28,2010-11-29
72,2006-01-09,2006-03-27,2009-06-01,2008-01-28,2010-11-29
73,2006-01-09,2006-03-27,2009-06-01,2008-01-28,2010-11-29
74,2006-01-09,2006-03-27,2009-06-01,2008-01-28,2010-11-29
75,2006-01-09,2006-03-27,2009-06-01,2008-01-28,2010-11-29
76,2006-01-09,2006-03-27,2009-06-01,2008-01-28,2010-11-29
77,2006-01-09,2006-03-27,2009-06-01,2008-01-28,2010-11-29
78,2006-01-09,2006-03-27,2009-06-01,2008-01-28,2010-11-29
79,2006-01-09,2006-03-27,2009-06-01,2008-01-28,2010-11-29
80,2006-01-09,2006-03-27,2009-06-01,2008-01-28,2010-11-29
81,2006-01-09,2006-03-27,2009-06-01,2008-01-28,2010-11-29
82,2006-01-09,2006-03-27,2009-06-01,2008-01-28,2010-11-29
83,2006-01-09,2006-03-27,2009-06-01,2008-01-28,2010-11-29
84,2006-01-09,2006-03-27,2009-06-01,2008-01-28,2010-11-29
85,2006-01-09,2006-03-27,2009-06-01,2008-01-28,2010-11-29
86,2006-01-09,2006-03-27,2009-06-01,2008-01-28,2010-11-29
87,2006-01-09,2006-03-27,2009-06-01,2008-01-28,2010-11-29
88,2006-01-09,2006-03-27,2009-06-01,2008-01-28,2010-11-29
89,2006-01-09,2006-03-27,2009-06-01,2008-01-28,2010-11-29
90,2006-01-09,2006-03-27,2009-06-01,2008-01-28,2010-11-29
91,2006-01-09,2006-03-27,2009-06-01,2008-01-28,2010-11-29
92,2006-01-09,2006-03-27,2009-06-01,2008-01-28,2010-11-29
93,2006-01-09,2006-03-27,2009-06-01,2008-01-28,2010-11-29
94,2006-01-09,2006-03-27,2009-06-01,2008-01-28,2010-11-29
95,2006-01-09,2006-03-27,2009-06-01,2008-01-28,2010-11-29
96,2006-01-09,2006-03-27,2009-06-01,2008-01-28,2010-11-29
97,2006-01-09,2006-03-27,2009-06-01,2008-01-28,2010-11-29
98,2006-01-09,2006-03-27,2009-06-01,2008-01-28,2010-11-29
99,2006-01-09,2006-03-27,2009-06-01,2008-01-28,2010-11-29
100,2006-01-09,2006-03-27,2009-06-01,2008-01-28,2010-11-29
